DELETE FROM `weenie` WHERE `class_Id` = 30094;

INSERT INTO `weenie` (`class_Id`, `class_Name`, `type`, `last_Modified`)
VALUES (30094, 'materialrarefoolproofaquamarine', 44, '2019-04-25 00:00:00') /* CraftTool */;

INSERT INTO `weenie_properties_int` (`object_Id`, `type`, `value`)
VALUES (30094,   1, 1073741824) /* ItemType - TinkeringMaterial */
     , (30094,   3,         14) /* PaletteTemplate - Red */
     , (30094,   5,          5) /* EncumbranceVal */
     , (30094,  11,          1) /* MaxStackSize */
     , (30094,  12,          1) /* StackSize */
     , (30094,  16,     524296) /* ItemUseable - SourceContainedTargetContained */
     , (30094,  17,        180) /* RareId */
     , (30094,  19,         30) /* Value */
     , (30094,  33,          1) /* Bonded - Bonded */
     , (30094,  53,        101) /* PlacementPosition */
     , (30094,  91,        100) /* MaxStructure */
     , (30094,  92,        100) /* Structure */
     , (30094,  93,       1044) /* PhysicsState - Ethereal, IgnoreCollisions, Gravity */
     , (30094,  94,      33025) /* TargetType - WeaponOrCaster */
     , (30094, 105,        100) /* ItemWorkmanship */
     , (30094, 131,         13) /* MaterialType - Aquamarine */
     , (30094, 151,          9) /* HookType - Floor, Yard */
     , (30094, 170,         10) /* NumItemsInMaterial */
     , (30094,  15,         30) /* StackUnitValue */;

INSERT INTO `weenie_properties_bool` (`object_Id`, `type`, `value`)
VALUES (30094,  11, True ) /* IgnoreCollisions */
     , (30094,  13, True ) /* Ethereal */
     , (30094,  14, True ) /* GravityStatus */
     , (30094,  19, True ) /* Attackable */
     , (30094,  22, True ) /* Inscribable */;

INSERT INTO `weenie_properties_string` (`object_Id`, `type`, `value`)
VALUES (30094,   1, 'Foolproof Aquamarine') /* Name */
     , (30094,  14, 'Apply this material to a treasure-generated weapon or magic-casting implement to imbue the target with Cold Rending. Cold Rending gives the weapon the ability to make its opponent vulnerable to cold attacks. The amount of vulnerability depends on the attack skill of the wielder. This effect does not stack with Cold Vulnerability spells.') /* Use */
     , (30094,  15, 'Chips of aquamarine. This material is of such exquisite quality that using it to imbue an item is guaranteed to succeed.') /* ShortDesc */;

INSERT INTO `weenie_properties_d_i_d` (`object_Id`, `type`, `value`)
VALUES (30094,   1,   33554817) /* Setup */
     , (30094,   3,  536870932) /* SoundTable */
     , (30094,   6,   67111919) /* PaletteBase */
     , (30094,   7,  268436874) /* ClothingBase */
     , (30094,   8,  100686616) /* Icon */
     , (30094,  22,  872415275) /* PhysicsEffectTable */
     , (30094,  50,  100673262) /* IconOverlay */;
DELETE FROM `weenie` WHERE `class_Id` = 30095;

INSERT INTO `weenie` (`class_Id`, `class_Name`, `type`, `last_Modified`)
VALUES (30095, 'materialrarefoolproofblackgarnet', 44, '2019-04-25 00:00:00') /* CraftTool */;

INSERT INTO `weenie_properties_int` (`object_Id`, `type`, `value`)
VALUES (30095,   1, 1073741824) /* ItemType - TinkeringMaterial */
     , (30095,   3,         14) /* PaletteTemplate - Red */
     , (30095,   5,          5) /* EncumbranceVal */
     , (30095,  11,          1) /* MaxStackSize */
     , (30095,  12,          1) /* StackSize */
     , (30095,  16,     524296) /* ItemUseable - SourceContainedTargetContained */
     , (30095,  17,        177) /* RareId */
     , (30095,  19,         30) /* Value */
     , (30095,  33,          1) /* Bonded - Bonded */
     , (30095,  53,        101) /* PlacementPosition */
     , (30095,  91,        100) /* MaxStructure */
     , (30095,  92,        100) /* Structure */
     , (30095,  93,       1044) /* PhysicsState - Ethereal, IgnoreCollisions, Gravity */
     , (30095,  94,      33025) /* TargetType - WeaponOrCaster */
     , (30095, 105,        100) /* ItemWorkmanship */
	 , (30095, 131,         15) /* MaterialType - BlackGarnet */
     , (30095, 151,          9) /* HookType - Floor, Yard */
     , (30095, 170,         10) /* NumItemsInMaterial */
     , (30095,  15,         30) /* StackUnitValue */;

INSERT INTO `weenie_properties_bool` (`object_Id`, `type`, `value`)
VALUES (30095,  11, True ) /* IgnoreCollisions */
     , (30095,  13, True ) /* Ethereal */
     , (30095,  14, True ) /* GravityStatus */
     , (30095,  19, True ) /* Attackable */
     , (30095,  22, True ) /* Inscribable */;

INSERT INTO `weenie_properties_string` (`object_Id`, `type`, `value`)
VALUES (30095,   1, 'Foolproof Black Garnet') /* Name */
     , (30095,  14, 'Apply this material to a treasure-generated weapon or magic-casting implement to imbue the target with Pierce Rending. Pierce Rending gives the weapon the ability to make its opponent vulnerable to piercing attacks. The amount of vulnerability depends on the attack skill of the wielder. This effect does not stack with Piercing Vulnerability spells. ') /* Use */
     , (30095,  15, 'Chips of black garnet. This material is of such exquisite quality that using it to imbue an item is guaranteed to succeed.') /* ShortDesc */;

INSERT INTO `weenie_properties_d_i_d` (`object_Id`, `type`, `value`)
VALUES (30095,   1,   33554817) /* Setup */
     , (30095,   3,  536870932) /* SoundTable */
     , (30095,   6,   67111919) /* PaletteBase */
     , (30095,   7,  268436874) /* ClothingBase */
     , (30095,   8,  100686616) /* Icon */
     , (30095,  22,  872415275) /* PhysicsEffectTable */
     , (30095,  50,  100673264) /* IconOverlay */;
DELETE FROM `weenie` WHERE `class_Id` = 30096;

INSERT INTO `weenie` (`class_Id`, `class_Name`, `type`, `last_Modified`)
VALUES (30096, 'materialrarefoolproofblackopal', 44, '2019-04-25 00:00:00') /* CraftTool */;

INSERT INTO `weenie_properties_int` (`object_Id`, `type`, `value`)
VALUES (30096,   1, 1073741824) /* ItemType - TinkeringMaterial */
     , (30096,   3,          2) /* PaletteTemplate - Blue */
     , (30096,   5,          5) /* EncumbranceVal */
     , (30096,  11,          1) /* MaxStackSize */
     , (30096,  12,          1) /* StackSize */
     , (30096,  16,     524296) /* ItemUseable - SourceContainedTargetContained */
     , (30096,  17,        173) /* RareId */
     , (30096,  19,         30) /* Value */
     , (30096,  33,          1) /* Bonded - Bonded */
     , (30096,  53,        101) /* PlacementPosition */
     , (30096,  91,        100) /* MaxStructure */
     , (30096,  92,        100) /* Structure */
     , (30096,  93,       1044) /* PhysicsState - Ethereal, IgnoreCollisions, Gravity */
     , (30096,  94,      33025) /* TargetType - WeaponOrCaster */
     , (30096, 105,        100) /* ItemWorkmanship */
	 , (30096, 131,         16) /* MaterialType - BlackOpal */
     , (30096, 151,          9) /* HookType - Floor, Yard */
     , (30096, 170,         10) /* NumItemsInMaterial */
     , (30096,  15,         30) /* StackUnitValue */;

INSERT INTO `weenie_properties_bool` (`object_Id`, `type`, `value`)
VALUES (30096,  11, True ) /* IgnoreCollisions */
     , (30096,  13, True ) /* Ethereal */
     , (30096,  14, True ) /* GravityStatus */
     , (30096,  19, True ) /* Attackable */
     , (30096,  22, True ) /* Inscribable */;

INSERT INTO `weenie_properties_string` (`object_Id`, `type`, `value`)
VALUES (30096,   1, 'Foolproof Black Opal') /* Name */
     , (30096,  14, 'Apply this material to a treasure-generated weapon or magic-casting implement to imbue the target with Critical Strike. Critical Strike increases the chance that the item critically hits its opponent. The increase in chance depends on the attack skill of the wielder.') /* Use */
     , (30096,  15, 'Chips of black opal. This material is of such exquisite quality that using it to imbue an item is guaranteed to succeed.') /* ShortDesc */;

INSERT INTO `weenie_properties_d_i_d` (`object_Id`, `type`, `value`)
VALUES (30096,   1,   33554817) /* Setup */
     , (30096,   3,  536870932) /* SoundTable */
     , (30096,   6,   67111919) /* PaletteBase */
     , (30096,   7,  268436874) /* ClothingBase */
     , (30096,   8,  100686617) /* Icon */
     , (30096,  22,  872415275) /* PhysicsEffectTable */
     , (30096,  50,  100674739) /* IconOverlay */;
DELETE FROM `weenie` WHERE `class_Id` = 30097;

INSERT INTO `weenie` (`class_Id`, `class_Name`, `type`, `last_Modified`)
VALUES (30097, 'materialrarefoolproofemerald', 44, '2019-04-25 00:00:00') /* CraftTool */;

INSERT INTO `weenie_properties_int` (`object_Id`, `type`, `value`)
VALUES (30097,   1, 1073741824) /* ItemType - TinkeringMaterial */
     , (30097,   3,         14) /* PaletteTemplate - Red */
     , (30097,   5,          5) /* EncumbranceVal */
     , (30097,  11,          1) /* MaxStackSize */
     , (30097,  12,          1) /* StackSize */
     , (30097,  16,     524296) /* ItemUseable - SourceContainedTargetContained */
     , (30097,  17,        179) /* RareId */
     , (30097,  19,         30) /* Value */
     , (30097,  33,          1) /* Bonded - Bonded */
     , (30097,  53,        101) /* PlacementPosition */
     , (30097,  91,        100) /* MaxStructure */
     , (30097,  92,        100) /* Structure */
     , (30097,  93,       1044) /* PhysicsState - Ethereal, IgnoreCollisions, Gravity */
     , (30097,  94,      33025) /* TargetType - WeaponOrCaster */
     , (30097, 105,        100) /* ItemWorkmanship */
	 , (30097, 131,         21) /* MaterialType - Emerald */
     , (30097, 151,          9) /* HookType - Floor, Yard */
     , (30097, 170,         10) /* NumItemsInMaterial */
     , (30097,  15,         30) /* StackUnitValue */;

INSERT INTO `weenie_properties_bool` (`object_Id`, `type`, `value`)
VALUES (30097,  11, True ) /* IgnoreCollisions */
     , (30097,  13, True ) /* Ethereal */
     , (30097,  14, True ) /* GravityStatus */
     , (30097,  19, True ) /* Attackable */
     , (30097,  22, True ) /* Inscribable */;

INSERT INTO `weenie_properties_string` (`object_Id`, `type`, `value`)
VALUES (30097,   1, 'Foolproof Emerald') /* Name */
     , (30097,  14, 'Apply this material to a treasure-generated weapon or magic-casting implement to imbue the target with Acid Rending. Acid Rending gives the weapon the ability to make its opponent vulnerable to acid attacks. The amount of vulnerability depends on the attack skill of the wielder. This effect does not stack with Acid Vulnerability spells.') /* Use */
     , (30097,  15, 'Chips of emerald. This material is of such exquisite quality that using it to imbue an item is guaranteed to succeed.') /* ShortDesc */;

INSERT INTO `weenie_properties_d_i_d` (`object_Id`, `type`, `value`)
VALUES (30097,   1,   33554817) /* Setup */
     , (30097,   3,  536870932) /* SoundTable */
     , (30097,   6,   67111919) /* PaletteBase */
     , (30097,   7,  268436874) /* ClothingBase */
     , (30097,   8,  100686616) /* Icon */
     , (30097,  22,  872415275) /* PhysicsEffectTable */
     , (30097,  50,  100673272) /* IconOverlay */;
DELETE FROM `weenie` WHERE `class_Id` = 30098;

INSERT INTO `weenie` (`class_Id`, `class_Name`, `type`, `last_Modified`)
VALUES (30098, 'materialrarefoolprooffireopal', 44, '2019-04-25 00:00:00') /* CraftTool */;

INSERT INTO `weenie_properties_int` (`object_Id`, `type`, `value`)
VALUES (30098,   1, 1073741824) /* ItemType - TinkeringMaterial */
     , (30098,   3,          2) /* PaletteTemplate - Blue */
     , (30098,   5,          5) /* EncumbranceVal */
     , (30098,  11,          1) /* MaxStackSize */
     , (30098,  12,          1) /* StackSize */
     , (30098,  16,     524296) /* ItemUseable - SourceContainedTargetContained */
     , (30098,  17,        174) /* RareId */
     , (30098,  19,         30) /* Value */
     , (30098,  33,          1) /* Bonded - Bonded */
     , (30098,  53,        101) /* PlacementPosition */
     , (30098,  91,        100) /* MaxStructure */
     , (30098,  92,        100) /* Structure */
     , (30098,  93,       1044) /* PhysicsState - Ethereal, IgnoreCollisions, Gravity */
     , (30098,  94,      33025) /* TargetType - WeaponOrCaster */
     , (30098, 105,        100) /* ItemWorkmanship */
	 , (30098, 131,         22) /* MaterialType - FireOpal */
     , (30098, 151,          9) /* HookType - Floor, Yard */
     , (30098, 170,         10) /* NumItemsInMaterial */
     , (30098,  15,         30) /* StackUnitValue */;

INSERT INTO `weenie_properties_bool` (`object_Id`, `type`, `value`)
VALUES (30098,  11, True ) /* IgnoreCollisions */
     , (30098,  13, True ) /* Ethereal */
     , (30098,  14, True ) /* GravityStatus */
     , (30098,  19, True ) /* Attackable */
     , (30098,  22, True ) /* Inscribable */;

INSERT INTO `weenie_properties_string` (`object_Id`, `type`, `value`)
VALUES (30098,   1, 'Foolproof Fire Opal') /* Name */
     , (30098,  14, 'Apply this material to a treasure-generated weapon or magic-casting implement to imbue the target with Crippling Blow. Crippling Blow increases the amount of damage that the item does when it critically hits its opponent. The amount of extra damage depends on the attack skill of the wielder.') /* Use */
     , (30098,  15, 'Chips of fire opal. This material is of such exquisite quality that using it to imbue an item is guaranteed to succeed.') /* ShortDesc */;

INSERT INTO `weenie_properties_d_i_d` (`object_Id`, `type`, `value`)
VALUES (30098,   1,   33554817) /* Setup */
     , (30098,   3,  536870932) /* SoundTable */
     , (30098,   6,   67111919) /* PaletteBase */
     , (30098,   7,  268436874) /* ClothingBase */
     , (30098,   8,  100686617) /* Icon */
     , (30098,  22,  872415275) /* PhysicsEffectTable */
     , (30098,  50,  100673273) /* IconOverlay */;
DELETE FROM `weenie` WHERE `class_Id` = 30099;

INSERT INTO `weenie` (`class_Id`, `class_Name`, `type`, `last_Modified`)
VALUES (30099, 'materialrarefoolproofimperialtopaz', 44, '2019-04-25 00:00:00') /* CraftTool */;

INSERT INTO `weenie_properties_int` (`object_Id`, `type`, `value`)
VALUES (30099,   1, 1073741824) /* ItemType - TinkeringMaterial */
     , (30099,   3,         14) /* PaletteTemplate - Red */
     , (30099,   5,          5) /* EncumbranceVal */
     , (30099,  11,          1) /* MaxStackSize */
     , (30099,  12,          1) /* StackSize */
     , (30099,  16,     524296) /* ItemUseable - SourceContainedTargetContained */
     , (30099,  17,        176) /* RareId */
     , (30099,  19,         30) /* Value */
     , (30099,  33,          1) /* Bonded - Bonded */
     , (30099,  53,        101) /* PlacementPosition */
     , (30099,  91,        100) /* MaxStructure */
     , (30099,  92,        100) /* Structure */
     , (30099,  93,       1044) /* PhysicsState - Ethereal, IgnoreCollisions, Gravity */
     , (30099,  94,      33025) /* TargetType - WeaponOrCaster */
     , (30099, 105,        100) /* ItemWorkmanship */
	 , (30099, 131,         26) /* MaterialType - ImperialTopaz */
     , (30099, 151,          9) /* HookType - Floor, Yard */
     , (30099, 170,         10) /* NumItemsInMaterial */
     , (30099,  15,         30) /* StackUnitValue */;

INSERT INTO `weenie_properties_bool` (`object_Id`, `type`, `value`)
VALUES (30099,  11, True ) /* IgnoreCollisions */
     , (30099,  13, True ) /* Ethereal */
     , (30099,  14, True ) /* GravityStatus */
     , (30099,  19, True ) /* Attackable */
     , (30099,  22, True ) /* Inscribable */;

INSERT INTO `weenie_properties_string` (`object_Id`, `type`, `value`)
VALUES (30099,   1, 'Foolproof Imperial Topaz') /* Name */
     , (30099,  14, 'Apply this material to a treasure-generated weapon or magic-casting implement to imbue the target with Slash Rending. Slash Rending gives the weapon the ability to make its opponent vulnerable to slashing attacks. The amount of vulnerability depends on the attack skill of the wielder. This effect does not stack with Slashing Vulnerability spells.') /* Use */
     , (30099,  15, 'Chips of imperial topaz. This material is of such exquisite quality that using it to imbue an item is guaranteed to succeed.') /* ShortDesc */;

INSERT INTO `weenie_properties_d_i_d` (`object_Id`, `type`, `value`)
VALUES (30099,   1,   33554817) /* Setup */
     , (30099,   3,  536870932) /* SoundTable */
     , (30099,   6,   67111919) /* PaletteBase */
     , (30099,   7,  268436874) /* ClothingBase */
     , (30099,   8,  100686616) /* Icon */
     , (30099,  22,  872415275) /* PhysicsEffectTable */
     , (30099,  50,  100673278) /* IconOverlay */;
DELETE FROM `weenie` WHERE `class_Id` = 30100;

INSERT INTO `weenie` (`class_Id`, `class_Name`, `type`, `last_Modified`)
VALUES (30100, 'materialrarefoolproofjet', 44, '2019-04-25 00:00:00') /* CraftTool */;

INSERT INTO `weenie_properties_int` (`object_Id`, `type`, `value`)
VALUES (30100,   1, 1073741824) /* ItemType - TinkeringMaterial */
     , (30100,   3,         14) /* PaletteTemplate - Red */
     , (30100,   5,          5) /* EncumbranceVal */
     , (30100,  11,          1) /* MaxStackSize */
     , (30100,  12,          1) /* StackSize */
     , (30100,  16,     524296) /* ItemUseable - SourceContainedTargetContained */
     , (30100,  17,        182) /* RareId */
     , (30100,  19,         30) /* Value */
     , (30100,  33,          1) /* Bonded - Bonded */
     , (30100,  53,        101) /* PlacementPosition */
     , (30100,  91,        100) /* MaxStructure */
     , (30100,  92,        100) /* Structure */
     , (30100,  93,       1044) /* PhysicsState - Ethereal, IgnoreCollisions, Gravity */
     , (30100,  94,      33025) /* TargetType - WeaponOrCaster */
     , (30100, 105,        100) /* ItemWorkmanship */
	 , (30100, 131,         27) /* MaterialType - Jet */
     , (30100, 151,          9) /* HookType - Floor, Yard */
     , (30100, 170,         10) /* NumItemsInMaterial */
     , (30100,  15,         30) /* StackUnitValue */;

INSERT INTO `weenie_properties_bool` (`object_Id`, `type`, `value`)
VALUES (30100,  11, True ) /* IgnoreCollisions */
     , (30100,  13, True ) /* Ethereal */
     , (30100,  14, True ) /* GravityStatus */
     , (30100,  19, True ) /* Attackable */
     , (30100,  22, True ) /* Inscribable */;

INSERT INTO `weenie_properties_string` (`object_Id`, `type`, `value`)
VALUES (30100,   1, 'Foolproof Jet') /* Name */
     , (30100,  14, 'Apply this material to a treasure-generated weapon or magic-casting implement to imbue the target with Lightning Rending. Lightning Rending gives the weapon the ability to make its opponent vulnerable to lightning attacks. The amount of vulnerability depends on the attack skill of the wielder. This effect does not stack with Lightning Vulnerability spells.') /* Use */
     , (30100,  15, 'Chips of jet. This material is of such exquisite quality that using it to imbue an item is guaranteed to succeed.') /* ShortDesc */;

INSERT INTO `weenie_properties_d_i_d` (`object_Id`, `type`, `value`)
VALUES (30100,   1,   33554817) /* Setup */
     , (30100,   3,  536870932) /* SoundTable */
     , (30100,   6,   67111919) /* PaletteBase */
     , (30100,   7,  268436874) /* ClothingBase */
     , (30100,   8,  100686616) /* Icon */
     , (30100,  22,  872415275) /* PhysicsEffectTable */
     , (30100,  50,  100673280) /* IconOverlay */;
DELETE FROM `weenie` WHERE `class_Id` = 30101;

INSERT INTO `weenie` (`class_Id`, `class_Name`, `type`, `last_Modified`)
VALUES (30101, 'materialrarefoolproofperidot', 44, '2019-04-25 00:00:00') /* CraftTool */;

INSERT INTO `weenie_properties_int` (`object_Id`, `type`, `value`)
VALUES (30101,   1, 1073741824) /* ItemType - TinkeringMaterial */
     , (30101,   3,         13) /* PaletteTemplate - Purple */
     , (30101,   5,          5) /* EncumbranceVal */
     , (30101,  11,          1) /* MaxStackSize */
     , (30101,  12,          1) /* StackSize */
     , (30101,  16,     524296) /* ItemUseable - SourceContainedTargetContained */
     , (30101,  17,        183) /* RareId */
     , (30101,  19,         30) /* Value */
     , (30101,  33,          1) /* Bonded - Bonded */
     , (30101,  53,        101) /* PlacementPosition */
     , (30101,  91,        100) /* MaxStructure */
     , (30101,  92,        100) /* Structure */
     , (30101,  93,       1044) /* PhysicsState - Ethereal, IgnoreCollisions, Gravity */
     , (30101,  94,          2) /* TargetType - Armor */
     , (30101, 105,        100) /* ItemWorkmanship */
	 , (30101, 131,         34) /* MaterialType - Peridot */
     , (30101, 151,          9) /* HookType - Floor, Yard */
     , (30101, 170,         10) /* NumItemsInMaterial */
     , (30101,  15,         30) /* StackUnitValue */;

INSERT INTO `weenie_properties_bool` (`object_Id`, `type`, `value`)
VALUES (30101,  11, True ) /* IgnoreCollisions */
     , (30101,  13, True ) /* Ethereal */
     , (30101,  14, True ) /* GravityStatus */
     , (30101,  19, True ) /* Attackable */
     , (30101,  22, True ) /* Inscribable */;

INSERT INTO `weenie_properties_string` (`object_Id`, `type`, `value`)
VALUES (30101,   1, 'Foolproof Peridot') /* Name */
     , (30101,  14, 'Apply this material to a treasure-generated armor to imbue the target with a +1 bonus to Melee Defense.') /* Use */
     , (30101,  15, 'Chips of peridot. This material is of such exquisite quality that using it to imbue an item is guaranteed to succeed.') /* ShortDesc */;

INSERT INTO `weenie_properties_d_i_d` (`object_Id`, `type`, `value`)
VALUES (30101,   1,   33554817) /* Setup */
     , (30101,   3,  536870932) /* SoundTable */
     , (30101,   6,   67111919) /* PaletteBase */
     , (30101,   7,  268436874) /* ClothingBase */
     , (30101,   8,  100686618) /* Icon */
     , (30101,  22,  872415275) /* PhysicsEffectTable */
     , (30101,  50,  100673289) /* IconOverlay */;
DELETE FROM `weenie` WHERE `class_Id` = 30102;

INSERT INTO `weenie` (`class_Id`, `class_Name`, `type`, `last_Modified`)
VALUES (30102, 'materialrarefoolproofredgarnet', 44, '2019-04-25 00:00:00') /* CraftTool */;

INSERT INTO `weenie_properties_int` (`object_Id`, `type`, `value`)
VALUES (30102,   1, 1073741824) /* ItemType - TinkeringMaterial */
     , (30102,   3,         14) /* PaletteTemplate - Red */
     , (30102,   5,          5) /* EncumbranceVal */
     , (30102,  11,          1) /* MaxStackSize */
     , (30102,  12,          1) /* StackSize */
     , (30102,  16,     524296) /* ItemUseable - SourceContainedTargetContained */
     , (30102,  17,        181) /* RareId */
     , (30102,  19,         30) /* Value */
     , (30102,  33,          1) /* Bonded - Bonded */
     , (30102,  53,        101) /* PlacementPosition */
     , (30102,  91,        100) /* MaxStructure */
     , (30102,  92,        100) /* Structure */
     , (30102,  93,       1044) /* PhysicsState - Ethereal, IgnoreCollisions, Gravity */
     , (30102,  94,      33025) /* TargetType - WeaponOrCaster */
     , (30102, 105,        100) /* ItemWorkmanship */
	 , (30102, 131,         35) /* MaterialType - RedGarnet */
     , (30102, 151,          9) /* HookType - Floor, Yard */
     , (30102, 170,         10) /* NumItemsInMaterial */
     , (30102,  15,         30) /* StackUnitValue */;

INSERT INTO `weenie_properties_bool` (`object_Id`, `type`, `value`)
VALUES (30102,  11, True ) /* IgnoreCollisions */
     , (30102,  13, True ) /* Ethereal */
     , (30102,  14, True ) /* GravityStatus */
     , (30102,  19, True ) /* Attackable */
     , (30102,  22, True ) /* Inscribable */;

INSERT INTO `weenie_properties_string` (`object_Id`, `type`, `value`)
VALUES (30102,   1, 'Foolproof Red Garnet') /* Name */
     , (30102,  14, 'Apply this material to a treasure-generated weapon or magic-casting implement to imbue the target with Fire Rending. Fire Rending gives the weapon the ability to make its opponent vulnerable to fire attacks. The amount of vulnerability depends on the attack skill of the wielder. This effect does not stack with Fire Vulnerability spells.') /* Use */
     , (30102,  15, 'Chips of red garnet. This material is of such exquisite quality that using it to imbue an item is guaranteed to succeed.') /* ShortDesc */;

INSERT INTO `weenie_properties_d_i_d` (`object_Id`, `type`, `value`)
VALUES (30102,   1,   33554817) /* Setup */
     , (30102,   3,  536870932) /* SoundTable */
     , (30102,   6,   67111919) /* PaletteBase */
     , (30102,   7,  268436874) /* ClothingBase */
     , (30102,   8,  100686616) /* Icon */
     , (30102,  22,  872415275) /* PhysicsEffectTable */
     , (30102,  50,  100673292) /* IconOverlay */;
DELETE FROM `weenie` WHERE `class_Id` = 30103;

INSERT INTO `weenie` (`class_Id`, `class_Name`, `type`, `last_Modified`)
VALUES (30103, 'materialrarefoolproofsunstone', 44, '2019-04-25 00:00:00') /* CraftTool */;

INSERT INTO `weenie_properties_int` (`object_Id`, `type`, `value`)
VALUES (30103,   1, 1073741824) /* ItemType - TinkeringMaterial */
     , (30103,   3,         14) /* PaletteTemplate - Red */
     , (30103,   5,          5) /* EncumbranceVal */
     , (30103,  11,          1) /* MaxStackSize */
     , (30103,  12,          1) /* StackSize */
     , (30103,  16,     524296) /* ItemUseable - SourceContainedTargetContained */
     , (30103,  17,        175) /* RareId */
     , (30103,  19,         30) /* Value */
     , (30103,  33,          1) /* Bonded - Bonded */
     , (30103,  53,        101) /* PlacementPosition */
     , (30103,  91,        100) /* MaxStructure */
     , (30103,  92,        100) /* Structure */
     , (30103,  93,       1044) /* PhysicsState - Ethereal, IgnoreCollisions, Gravity */
     , (30103,  94,      33025) /* TargetType - WeaponOrCaster */
     , (30103, 105,        100) /* ItemWorkmanship */
	 , (30103, 131,         41) /* MaterialType - Sunstone */
     , (30103, 151,          9) /* HookType - Floor, Yard */
     , (30103, 170,         10) /* NumItemsInMaterial */
     , (30103,  15,         30) /* StackUnitValue */;

INSERT INTO `weenie_properties_bool` (`object_Id`, `type`, `value`)
VALUES (30103,  11, True ) /* IgnoreCollisions */
     , (30103,  13, True ) /* Ethereal */
     , (30103,  14, True ) /* GravityStatus */
     , (30103,  19, True ) /* Attackable */
     , (30103,  22, True ) /* Inscribable */;

INSERT INTO `weenie_properties_string` (`object_Id`, `type`, `value`)
VALUES (30103,   1, 'Foolproof Sunstone') /* Name */
     , (30103,  14, 'Apply this material to a treasure-generated weapon to imbue the target with Armor Rending. Armor Rending gives the item the ability to ignore some of its opponent''s armor. The amount of armor it ignores depends on the attack skill of the wielder.') /* Use */
     , (30103,  15, 'Chips of sunstone. This material is of such exquisite quality that using it to imbue an item is guaranteed to succeed.') /* ShortDesc */;

INSERT INTO `weenie_properties_d_i_d` (`object_Id`, `type`, `value`)
VALUES (30103,   1,   33554817) /* Setup */
     , (30103,   3,  536870932) /* SoundTable */
     , (30103,   6,   67111919) /* PaletteBase */
     , (30103,   7,  268436874) /* ClothingBase */
     , (30103,   8,  100686617) /* Icon */
     , (30103,  22,  872415275) /* PhysicsEffectTable */
     , (30103,  50,  100673303) /* IconOverlay */;
DELETE FROM `weenie` WHERE `class_Id` = 30104;

INSERT INTO `weenie` (`class_Id`, `class_Name`, `type`, `last_Modified`)
VALUES (30104, 'materialrarefoolproofwhitesapphire', 44, '2019-04-25 00:00:00') /* CraftTool */;

INSERT INTO `weenie_properties_int` (`object_Id`, `type`, `value`)
VALUES (30104,   1, 1073741824) /* ItemType - TinkeringMaterial */
     , (30104,   3,         14) /* PaletteTemplate - Red */
     , (30104,   5,          5) /* EncumbranceVal */
     , (30104,  11,          1) /* MaxStackSize */
     , (30104,  12,          1) /* StackSize */
     , (30104,  16,     524296) /* ItemUseable - SourceContainedTargetContained */
     , (30104,  17,        178) /* RareId */
     , (30104,  19,         30) /* Value */
     , (30104,  33,          1) /* Bonded - Bonded */
     , (30104,  53,        101) /* PlacementPosition */
     , (30104,  91,        100) /* MaxStructure */
     , (30104,  92,        100) /* Structure */
     , (30104,  93,       1044) /* PhysicsState - Ethereal, IgnoreCollisions, Gravity */
     , (30104,  94,      33025) /* TargetType - WeaponOrCaster */
     , (30104, 105,        100) /* ItemWorkmanship */
	 , (30104, 131,         47) /* MaterialType - WhiteSapphire */
     , (30104, 151,          9) /* HookType - Floor, Yard */
     , (30104, 170,         10) /* NumItemsInMaterial */
     , (30104,  15,         30) /* StackUnitValue */;

INSERT INTO `weenie_properties_bool` (`object_Id`, `type`, `value`)
VALUES (30104,  11, True ) /* IgnoreCollisions */
     , (30104,  13, True ) /* Ethereal */
     , (30104,  14, True ) /* GravityStatus */
     , (30104,  19, True ) /* Attackable */
     , (30104,  22, True ) /* Inscribable */;

INSERT INTO `weenie_properties_string` (`object_Id`, `type`, `value`)
VALUES (30104,   1, 'Foolproof White Sapphire') /* Name */
     , (30104,  14, 'Apply this material to a treasure-generated weapon or magic-casting implement to imbue the target with Bludgeon Rending. Bludgeon Rending gives the weapon the ability to make its opponent vulnerable to bludgeoning attacks. The amount of vulnerability depends on the attack skill of the wielder. This effect does not stack with Bludgeoning Vulnerability spells.') /* Use */
     , (30104,  15, 'Chips of white sapphire. This material is of such exquisite quality that using it to imbue an item is guaranteed to succeed.') /* ShortDesc */;

INSERT INTO `weenie_properties_d_i_d` (`object_Id`, `type`, `value`)
VALUES (30104,   1,   33554817) /* Setup */
     , (30104,   3,  536870932) /* SoundTable */
     , (30104,   6,   67111919) /* PaletteBase */
     , (30104,   7,  268436874) /* ClothingBase */
     , (30104,   8,  100686616) /* Icon */
     , (30104,  22,  872415275) /* PhysicsEffectTable */
     , (30104,  50,  100673310) /* IconOverlay */;
DELETE FROM `weenie` WHERE `class_Id` = 30105;

INSERT INTO `weenie` (`class_Id`, `class_Name`, `type`, `last_Modified`)
VALUES (30105, 'materialrarefoolproofyellowtopaz', 44, '2019-04-25 00:00:00') /* CraftTool */;

INSERT INTO `weenie_properties_int` (`object_Id`, `type`, `value`)
VALUES (30105,   1, 1073741824) /* ItemType - TinkeringMaterial */
     , (30105,   3,         13) /* PaletteTemplate - Purple */
     , (30105,   5,          5) /* EncumbranceVal */
     , (30105,  11,          1) /* MaxStackSize */
     , (30105,  12,          1) /* StackSize */
     , (30105,  16,     524296) /* ItemUseable - SourceContainedTargetContained */
     , (30105,  17,        184) /* RareId */
     , (30105,  19,         30) /* Value */
     , (30105,  33,          1) /* Bonded - Bonded */
     , (30105,  53,        101) /* PlacementPosition */
     , (30105,  91,        100) /* MaxStructure */
     , (30105,  92,        100) /* Structure */
     , (30105,  93,       1044) /* PhysicsState - Ethereal, IgnoreCollisions, Gravity */
     , (30105,  94,          2) /* TargetType - Armor */
     , (30105, 105,        100) /* ItemWorkmanship */
	 , (30105, 131,         49) /* MaterialType - YellowTopaz */
     , (30105, 151,          9) /* HookType - Floor, Yard */
     , (30105, 170,         10) /* NumItemsInMaterial */
     , (30105,  15,         30) /* StackUnitValue */;

INSERT INTO `weenie_properties_bool` (`object_Id`, `type`, `value`)
VALUES (30105,  11, True ) /* IgnoreCollisions */
     , (30105,  13, True ) /* Ethereal */
     , (30105,  14, True ) /* GravityStatus */
     , (30105,  19, True ) /* Attackable */
     , (30105,  22, True ) /* Inscribable */;

INSERT INTO `weenie_properties_string` (`object_Id`, `type`, `value`)
VALUES (30105,   1, 'Foolproof Yellow Topaz') /* Name */
     , (30105,  14, 'Apply this material to a treasure-generated armor to imbue the target with a +1 bonus to Missile Defense.') /* Use */
     , (30105,  15, 'Chips of yellow topaz. This material is of such exquisite quality that using it to imbue an item is guaranteed to succeed.
') /* ShortDesc */;

INSERT INTO `weenie_properties_d_i_d` (`object_Id`, `type`, `value`)
VALUES (30105,   1,   33554817) /* Setup */
     , (30105,   3,  536870932) /* SoundTable */
     , (30105,   6,   67111919) /* PaletteBase */
     , (30105,   7,  268436874) /* ClothingBase */
     , (30105,   8,  100686618) /* Icon */
     , (30105,  22,  872415275) /* PhysicsEffectTable */
     , (30105,  50,  100673312) /* IconOverlay */;
DELETE FROM `weenie` WHERE `class_Id` = 30106;

INSERT INTO `weenie` (`class_Id`, `class_Name`, `type`, `last_Modified`)
VALUES (30106, 'materialrarefoolproofzircon', 44, '2019-04-25 00:00:00') /* CraftTool */;

INSERT INTO `weenie_properties_int` (`object_Id`, `type`, `value`)
VALUES (30106,   1, 1073741824) /* ItemType - TinkeringMaterial */
     , (30106,   3,         13) /* PaletteTemplate - Purple */
     , (30106,   5,          5) /* EncumbranceVal */
     , (30106,  11,          1) /* MaxStackSize */
     , (30106,  12,          1) /* StackSize */
     , (30106,  16,     524296) /* ItemUseable - SourceContainedTargetContained */
     , (30106,  17,        185) /* RareId */
     , (30106,  19,         30) /* Value */
     , (30106,  33,          1) /* Bonded - Bonded */
     , (30106,  53,        101) /* PlacementPosition */
     , (30106,  91,        100) /* MaxStructure */
     , (30106,  92,        100) /* Structure */
     , (30106,  93,       1044) /* PhysicsState - Ethereal, IgnoreCollisions, Gravity */
     , (30106,  94,          2) /* TargetType - Armor */
     , (30106, 105,        100) /* ItemWorkmanship */
	 , (30106, 131,         50) /* MaterialType - Zircon */
     , (30106, 151,          9) /* HookType - Floor, Yard */
     , (30106, 170,         10) /* NumItemsInMaterial */
     , (30106,  15,         30) /* StackUnitValue */;

INSERT INTO `weenie_properties_bool` (`object_Id`, `type`, `value`)
VALUES (30106,  11, True ) /* IgnoreCollisions */
     , (30106,  13, True ) /* Ethereal */
     , (30106,  14, True ) /* GravityStatus */
     , (30106,  19, True ) /* Attackable */
     , (30106,  22, True ) /* Inscribable */;

INSERT INTO `weenie_properties_string` (`object_Id`, `type`, `value`)
VALUES (30106,   1, 'Foolproof Zircon') /* Name */
     , (30106,  14, 'Apply this material to a treasure-generated armor to imbue the target with a +1 bonus to Magic Defense.') /* Use */
     , (30106,  15, 'Chips of zircon. This material is of such exquisite quality that using it to imbue an item is guaranteed to succeed.') /* ShortDesc */;

INSERT INTO `weenie_properties_d_i_d` (`object_Id`, `type`, `value`)
VALUES (30106,   1,   33554817) /* Setup */
     , (30106,   3,  536870932) /* SoundTable */
     , (30106,   6,   67111919) /* PaletteBase */
     , (30106,   7,  268436874) /* ClothingBase */
     , (30106,   8,  100686618) /* Icon */
     , (30106,  22,  872415275) /* PhysicsEffectTable */
     , (30106,  50,  100673313) /* IconOverlay */;
